{"episode_rewards": [425.5255432128906, 654.3488159179688, 450.8154602050781, 623.4061889648438, 1013.6461181640625, 980.2681274414062, 1041.2877197265625, 1053.7718505859375, 1121.5859375, 879.5159301757812, 1091.73291015625, 1078.5316162109375, 1102.8538818359375, 1091.70947265625, 1102.2657470703125, 1073.790771484375, 1109.5308837890625, 1074.5367431640625, 1092.6640625, 1120.6322021484375, 1103.4788818359375, 1102.806396484375, 1086.416748046875, 1092.972412109375, 1099.94482421875, 1063.8927001953125, 1114.7001953125, 1073.8726806640625, 1086.1458740234375, 1050.241455078125, 1091.83837890625, 1089.4547119140625, 1094.6956787109375, 1084.2845458984375, 1081.1180419921875, 1085.775146484375, 1046.035400390625, 1081.9866943359375, 1033.9434814453125, 1083.17919921875, 1076.09521484375, 1078.9482421875, 1092.6622314453125, 1087.9781494140625, 1080.3956298828125, 1072.3187255859375, 1080.277587890625, 1069.404296875, 885.0903930664062, 1012.0262451171875], "episode_cells_marker_pred_1": [195, 270, 241, 198, 312, 313, 330, 330, 341, 336, 344, 337, 357, 351, 339, 347, 351, 333, 345, 335, 345, 340, 341, 332, 332, 336, 343, 352, 340, 329, 340, 326, 338, 329, 338, 349, 320, 344, 316, 340, 336, 316, 335, 339, 333, 332, 341, 343, 342, 348], "episode_cells_seen_pov": [86, 56, 78, 63, 135, 70, 182, 202, 338, 204, 282, 336, 291, 199, 303, 230, 363, 245, 326, 268, 353, 320, 183, 275, 286, 248, 226, 239, 177, 99, 202, 207, 298, 235, 129, 163, 183, 195, 146, 166, 161, 130, 170, 237, 224, 100, 180, 150, 95, 249], "episode_steps": [1000, 1000, 1000, 1000, 1000, 1000, 1000, 1000, 1000, 1000, 1000, 1000, 1000, 1000, 1000, 1000, 1000, 1000, 1000, 1000, 1000, 1000, 1000, 1000, 1000, 1000, 1000, 1000, 1000, 1000, 1000, 1000, 1000, 1000, 1000, 1000, 1000, 1000, 1000, 1000, 1000, 1000, 1000, 1000, 1000, 1000, 1000, 1000, 1000, 1000], "training_time_seconds": 1456.37162399292}