{"episode_rewards": [575.015625, 674.2181396484375, 697.4940795898438, 829.7134399414062, 662.27392578125, 863.96337890625, 886.4580078125, 952.078125, 787.1917724609375, 1023.08203125, 1064.181640625, 1062.6400146484375, 990.13134765625, 1082.02099609375, 1053.0980224609375, 1060.3651123046875, 1054.76220703125, 1065.8248291015625, 1048.2110595703125, 1058.745849609375, 1014.943359375, 994.7073364257812, 1062.3505859375, 1040.1009521484375, 983.1559448242188, 1049.9285888671875, 1059.599853515625, 1057.480712890625, 1042.788818359375, 1040.02099609375, 1053.3885498046875, 1051.718505859375, 1068.7418212890625, 1045.2122802734375, 1032.376220703125, 1061.35888671875, 1062.7972412109375, 1021.1112060546875, 1029.232177734375, 1040.710205078125, 1051.1959228515625, 1049.30859375, 1056.68310546875, 1009.5482788085938, 1005.191650390625, 1038.0413818359375, 1061.45849609375, 1049.99560546875, 1059.0982666015625, 1043.5518798828125], "episode_cells_marker_pred_1": [231, 279, 270, 323, 311, 319, 310, 323, 260, 344, 332, 332, 328, 350, 339, 337, 326, 343, 336, 330, 326, 327, 341, 329, 325, 349, 341, 352, 338, 338, 339, 340, 325, 338, 318, 325, 325, 327, 334, 329, 329, 334, 334, 326, 322, 330, 346, 323, 339, 330], "episode_cells_seen_pov": [86, 94, 102, 163, 75, 103, 80, 144, 126, 262, 302, 309, 227, 330, 323, 277, 256, 353, 276, 282, 264, 199, 320, 292, 157, 301, 290, 308, 218, 285, 230, 263, 332, 281, 225, 345, 297, 219, 159, 183, 255, 229, 190, 123, 171, 262, 263, 208, 260, 296], "episode_steps": [1000, 1000, 1000, 1000, 1000, 1000, 1000, 1000, 1000, 1000, 1000, 1000, 1000, 1000, 1000, 1000, 1000, 1000, 1000, 1000, 1000, 1000, 1000, 1000, 1000, 1000, 1000, 1000, 1000, 1000, 1000, 1000, 1000, 1000, 1000, 1000, 1000, 1000, 1000, 1000, 1000, 1000, 1000, 1000, 1000, 1000, 1000, 1000, 1000, 1000], "training_time_seconds": 1590.1496632099152}