{"episode_rewards": [691.05615234375, 400.58636474609375, 666.3529052734375, 944.82958984375, 1045.356689453125, 1094.0928955078125, 855.9083251953125, 1133.6053466796875, 1115.050537109375, 1100.4619140625, 1117.3980712890625, 1145.291015625, 1122.9097900390625, 1113.7569580078125, 1096.3328857421875, 1084.96044921875, 1141.2271728515625, 1127.0731201171875, 1101.758544921875, 1076.3514404296875, 1131.8408203125, 1126.7396240234375, 1106.716064453125, 1031.10302734375, 1042.1510009765625, 1081.4139404296875, 1091.7347412109375, 1153.942626953125, 1089.8673095703125, 1096.440673828125, 1072.50732421875, 1118.780029296875, 1120.939453125, 1116.982177734375, 1122.025146484375, 1103.21875, 1089.5736083984375, 1059.994873046875, 1079.701171875, 1082.509521484375, 1118.2376708984375, 1101.163330078125, 1136.3543701171875, 1107.6507568359375, 1061.095947265625, 1107.0789794921875, 1076.7427978515625, 1094.983154296875, 1035.4962158203125, 1082.5909423828125], "episode_cells_marker_pred_1": [225, 215, 257, 267, 300, 303, 286, 306, 291, 314, 307, 315, 301, 289, 300, 307, 331, 294, 319, 295, 298, 306, 296, 289, 305, 311, 296, 311, 296, 295, 299, 300, 306, 312, 306, 298, 299, 301, 292, 289, 300, 310, 306, 295, 297, 301, 301, 299, 293, 281], "episode_cells_seen_pov": [79, 57, 143, 157, 203, 242, 264, 295, 253, 306, 291, 335, 319, 317, 272, 269, 364, 310, 265, 230, 301, 291, 287, 132, 208, 218, 228, 340, 282, 238, 255, 314, 336, 255, 249, 267, 182, 144, 146, 194, 162, 241, 314, 195, 138, 247, 222, 237, 97, 207], "episode_steps": [1000, 1000, 1000, 1000, 1000, 1000, 1000, 1000, 1000, 1000, 1000, 1000, 1000, 1000, 1000, 1000, 1000, 1000, 1000, 1000, 1000, 1000, 1000, 1000, 1000, 1000, 1000, 1000, 1000, 1000, 1000, 1000, 1000, 1000, 1000, 1000, 1000, 1000, 1000, 1000, 1000, 1000, 1000, 1000, 1000, 1000, 1000, 1000, 1000, 1000], "training_time_seconds": 1115.3941278457642}