{"episode_rewards": [4734.40087890625, 12591.193359375, 14357.8486328125, 13721.7587890625, 14381.4345703125, 14196.5, 15475.0693359375, 13848.8271484375, 13919.0703125, 14779.3564453125, 13438.736328125, 15751.1884765625, 15534.1767578125, 13609.330078125, 15400.541015625, 13361.705078125], "episode_cells_marker_pred_1": [1623, 3799, 4287, 4177, 4305, 4237, 4610, 4156, 4194, 4413, 4082, 4663, 4694, 4072, 4686, 3983], "episode_cells_seen_pov": [108, 44, 87, 146, 115, 132, 66, 25, 49, 112, 30, 4, 5, 4, 9, 30], "episode_steps": [3000, 3000, 3000, 3000, 3000, 3000, 3000, 3000, 3000, 3000, 3000, 3000, 3000, 3000, 3000, 3000], "training_time_seconds": 5649.806708097458}